"Comment","Designator","Footprint","LCSC Part #"
"33pF","C1,C2","C_0402_1005Metric","C1562"
"20pF","C3,C4","C_0402_1005Metric","C1554"
"100nF","C9,C8,C7,C6,C5,C11,C16","C_0402_1005Metric","C1525"
"1uF","C10,C12","C_0402_1005Metric","C52923"
"4.7uF","C13","C_0402_1005Metric","C23733"
"10uF","C14","C_0603_1608Metric","C19702"
"10uF","C15","C_0402_1005Metric","C15525"
"B5819W","D1","D_SOD-123","C8598"
"PWR","D2","LED_0603_1608Metric","C2286"
"PC13","D3","LED_0603_1608Metric","C2286"
"YLW","D4","LED_0603_1608Metric","C72038"
"WHT","D5","LED_0603_1608Metric","C2290"
"BLU","D6","LED_0603_1608Metric","C72041"
"GRN","D7","LED_0603_1608Metric","C72043"
"5.1kR","R1,R2,R4,R3,R8,R7,R6,R5","R_0402_1005Metric","C25905"
"SW_Push","SW1","TS-1187A-X-X-X","C318889"
"STM32F722RETx","U1","LQFP-64_10x10mm_P0.5mm","C118207"
"SRV05-4","U2","SOT-23-6","C85364"
"XC6206PxxxMR","U3","SOT-23","C5446"
"Crystal","Y1","Crystal_SMD_5032-2Pin_5.0x3.2mm","C115962"
"Crystal","Y2","Crystal_SMD_3215-2Pin_3.2x1.5mm","C32346"
